,City,Cloudiness,Country,Date,Humidity,Latitude,Longitude,Max Temp,Wind Speed
0,Atuona,17,PF,1559667798,76,-9.8,-139.03,82.64,20.02
1,Kabalo,0,CD,1559668351,37,-6.05,26.92,76.16,3.87
2,Matay,16,EG,1559668352,22,28.42,30.79,93.08,16.2
3,Bredasdorp,100,ZA,1559668353,88,-34.53,20.04,60.01,3.0
4,Kapaa,75,US,1559667895,88,22.08,-159.32,75.2,13.87
5,Rikitea,58,PF,1559668356,80,-23.12,-134.97,75.8,14.45
6,Mataura,94,NZ,1559668357,85,-46.19,168.86,41.06,7.94
7,Dikson,100,RU,1559668358,98,73.51,80.55,33.86,10.85
8,Arraial do Cabo,75,BR,1559667795,60,-22.97,-42.02,73.4,25.28
9,Cherskiy,0,RU,1559667931,68,68.75,161.3,31.16,13.98
10,Viiratsi,0,EE,1559668361,39,58.36,25.64,80.6,8.05
11,New Norfolk,20,AU,1559667882,80,-42.78,147.06,43.0,6.93
12,Ushuaia,0,AR,1559667897,87,-54.81,-68.31,44.6,9.17
13,Yellowknife,75,CA,1559667799,87,62.45,-114.38,44.6,6.93
14,Mackay,75,CA,1559668365,50,53.65,-115.58,57.2,6.93
15,East London,99,ZA,1559667936,95,-33.02,27.91,61.22,5.77
16,Ilulissat,75,GL,1559668197,65,69.22,-51.1,44.6,6.93
17,Qaanaaq,71,GL,1559667904,88,77.48,-69.36,28.1,2.84
18,Saint-Joseph,0,FR,1559668032,64,43.56,6.97,80.6,6.93
19,Taltal,0,CL,1559668371,41,-25.41,-70.49,72.92,6.49
20,Lasa,0,CY,1559668042,47,34.92,32.53,80.6,6.93
21,Saint George,75,GR,1559667884,50,39.45,22.34,77.0,8.05
22,Hermanus,100,ZA,1559668374,88,-34.42,19.24,60.01,3.0
23,Upernavik,38,GL,1559667794,88,72.79,-56.15,32.78,7.0
24,Radomsko,0,PL,1559668377,71,51.07,19.44,80.01,6.91
25,Avarua,95,CK,1559667734,88,-21.21,-159.78,73.4,2.24
26,Hami,79,CN,1559667896,16,42.84,93.51,75.98,14.14
27,Albany,40,US,1559667899,44,42.65,-73.75,69.01,12.75
28,San Juan de Uraba,100,CO,1559668381,78,8.76,-76.53,84.26,6.42
29,Hilo,90,US,1559667883,83,19.71,-155.08,71.6,3.36
30,Punta Arenas,75,CL,1559667882,87,-53.16,-70.91,42.8,6.93
31,Saldanha,10,PT,1559667978,39,41.42,-6.55,64.64,15.61
32,Ostrovnoy,100,RU,1559667883,79,68.05,39.51,45.2,17.85
33,Chuy,0,UY,1559667930,50,-33.69,-53.46,60.86,4.18
34,Tasiilaq,5,GL,1559667785,45,65.61,-37.64,44.6,11.41
35,Hobart,20,AU,1559667911,80,-42.88,147.33,43.0,6.93
36,San Cristobal,40,EC,1559667928,33,-0.39,-78.55,73.4,8.05
37,Kodiak,1,US,1559667803,47,39.95,-94.76,81.0,10.29
38,Katsuura,75,JP,1559667984,83,33.93,134.5,73.0,10.29
39,Port Macquarie,75,AU,1559668393,87,-31.43,152.91,57.0,10.29
40,Ribeira Grande,75,PT,1559667933,49,38.52,-28.7,68.0,17.22
41,Moyale,62,ET,1559668395,76,3.52,39.05,67.88,3.62
42,Abhar,0,IR,1559668396,36,36.14,49.22,66.8,4.52
43,Alyangula,90,AU,1559667897,43,-13.85,136.42,71.6,10.29
44,Ayorou,73,NE,1559668399,22,14.73,0.92,103.34,8.84
45,Bluff,97,AU,1559668400,51,-23.58,149.07,49.52,12.48
46,Harper,90,US,1559668048,88,30.3,-99.24,77.0,5.82
47,Saint Anthony,1,US,1559667909,59,43.97,-111.68,68.0,5.5
48,Fortuna Foothills,1,US,1559668403,26,32.66,-114.41,90.0,10.29
49,Tuktoyaktuk,75,CA,1559667678,80,69.44,-133.03,35.6,13.87
50,Mezinovskiy,0,RU,1559668406,60,55.48,40.41,58.34,3.33
51,Aklavik,75,CA,1559668407,75,68.22,-135.01,46.4,6.93
52,Geraldton,75,CA,1559667970,48,49.72,-86.95,60.8,3.36
53,Zhanakorgan,5,KZ,1559667946,33,43.91,67.25,81.38,3.51
54,Libreville,75,GA,1559668175,83,0.39,9.45,78.8,9.17
55,Iisalmi,0,FI,1559668229,49,63.56,27.19,71.6,13.87
56,Waingapu,100,ID,1559668413,86,-9.65,120.26,73.82,12.8
57,Busselton,23,AU,1559667900,55,-33.64,115.35,55.0,5.99
58,Hasaki,75,JP,1559667963,100,35.73,140.83,66.2,2.24
59,Havelock,40,US,1559668228,47,34.88,-76.9,82.99,5.82
60,Riviere-au-Renard,75,CA,1559668417,67,49.0,-64.4,57.2,9.17
61,Haines Junction,2,CA,1559668418,33,60.75,-137.51,52.76,1.43
62,Pandan,100,PH,1559668216,72,11.72,122.09,85.16,12.06
63,Ola,66,RU,1559668421,92,59.58,151.3,40.7,2.35
64,Ancud,90,CL,1559667931,100,-41.87,-73.83,53.6,19.46
65,Sur,11,OM,1559667988,53,22.57,59.53,92.0,11.1
66,Presidencia Roque Saenz Pena,63,AR,1559668424,57,-26.79,-60.44,68.24,8.28
67,Chicama,90,PE,1559668425,82,-7.84,-79.15,68.0,11.41
68,Auraiya,4,IN,1559668426,14,26.47,79.52,104.06,3.18
69,Faya,20,SA,1559668427,60,18.39,42.45,80.6,2.26
70,Opuwo,0,NA,1559668429,20,-18.06,13.84,68.06,6.76
71,Thompson,90,CA,1559667980,70,55.74,-97.86,48.2,4.7
72,Ban Nahin,100,LA,1559668431,90,18.24,104.21,72.2,1.83
73,Saint-Philippe,75,CA,1559667913,44,45.36,-73.48,63.0,13.87
74,Kamisu,75,JP,1559668433,100,35.89,140.67,71.01,2.24
75,Constitucion,5,MX,1559668158,49,23.99,-104.67,75.0,5.86
76,San Luis,69,AR,1559668436,29,-33.3,-66.34,74.9,24.23
77,Agadez,20,NE,1559668326,31,16.97,7.99,102.2,11.41
78,Uthal,0,PK,1559668440,64,25.81,66.62,89.3,8.3
79,Zacualtipan,98,MX,1559668441,61,20.65,-98.6,71.48,5.7
80,Castro,90,CL,1559668442,100,-42.48,-73.76,53.6,19.46
81,Mehriz,0,IR,1559668444,13,31.58,54.44,84.2,4.7
82,Straumen,40,NO,1559668445,55,63.87,11.3,62.6,11.41
83,Saint-Louis,75,CH,1559668446,37,47.59,7.56,91.4,6.93
84,Gobabis,0,NA,1559667999,15,-22.45,18.97,75.2,1.12
85,Balkanabat,0,TM,1559668449,17,39.51,54.36,94.34,14.5
86,Vao,0,EE,1559668451,74,59.1,26.19,66.8,1.01
87,Almaznyy,0,RU,1559668452,54,48.03,40.04,78.8,13.42
88,Ayagoz,40,KZ,1559668453,59,47.96,80.43,58.34,5.41
89,Kaitangata,49,NZ,1559667862,76,-46.28,169.85,39.99,5.01
90,Ambositra,85,MG,1559668455,92,-20.53,47.24,55.64,7.94
91,Isla Mujeres,75,MX,1559668457,70,21.23,-86.73,86.0,16.11
92,Mosetse,0,BW,1559668458,35,-20.64,26.64,64.82,9.51
93,Las Choapas,90,MX,1559668459,74,17.91,-94.09,87.8,3.4
94,Palmer,75,AU,1559667934,81,-34.85,139.16,48.99,4.7
95,Constantine,20,DZ,1559668461,31,36.36,6.61,87.8,9.17
96,Okhotsk,1,RU,1559668462,92,59.36,143.24,43.22,3.18
97,Vaini,20,IN,1559667676,83,15.34,74.49,77.0,6.93
98,Kavieng,89,PG,1559668027,75,-2.57,150.8,82.82,5.23
99,Jamestown,0,AU,1559667885,90,-33.21,138.6,40.88,5.97
100,Cape Town,90,ZA,1559667654,93,-33.93,18.42,60.01,14.99
101,Inhambane,0,MZ,1559668006,88,-23.87,35.38,63.38,3.85
102,Provideniya,75,RU,1559668033,90,64.42,-173.23,41.78,2.37
103,Gizo,0,IL,1559668470,51,31.8,34.94,82.4,12.75
104,Iqaluit,90,CA,1559667998,38,63.75,-68.52,35.6,5.82
105,Lorengau,86,PG,1559668472,86,-2.02,147.27,79.4,4.59
106,Vung Tau,100,VN,1559668473,76,10.35,107.08,84.44,5.44
107,Srednekolymsk,34,RU,1559668475,54,67.46,153.71,35.84,13.06
108,Broken Hill,40,AU,1559668021,70,-31.97,141.45,44.6,14.99
109,Farim,100,GW,1559668477,31,12.48,-15.22,93.8,11.41
110,Zhengjiatun,73,CN,1559668478,61,43.51,123.51,68.06,6.53
111,La Macarena,46,CO,1559668479,81,2.18,-73.79,78.32,4.79
112,Richards Bay,0,ZA,1559668480,66,-28.77,32.06,74.72,18.39
113,Saryozek,66,KZ,1559668015,81,44.36,77.98,59.96,13.24
114,Isangel,45,VU,1559667982,78,-19.55,169.27,76.7,3.69
115,Port Alfred,78,ZA,1559667901,87,-33.59,26.89,62.01,3.0
116,Crowley,90,US,1559668279,58,30.21,-92.37,93.0,8.05
117,Saskylakh,7,RU,1559667957,69,71.97,114.09,39.26,12.24
118,Ponta do Sol,8,BR,1559667926,57,-20.63,-46.0,70.22,6.89
119,Berlevag,0,NO,1559668488,62,70.86,29.09,51.8,8.05
120,Rocky Mountain House,63,CA,1559668489,47,52.38,-114.92,60.68,9.64
121,Tiksi,0,RU,1559668490,85,71.64,128.87,30.62,11.16
122,Deputatskiy,0,RU,1559667973,57,69.3,139.9,32.96,10.6
123,Norman Wells,75,CA,1559667959,75,65.28,-126.83,42.8,6.93
124,Talnakh,0,RU,1559668494,65,69.49,88.39,41.0,2.24
125,Mahebourg,40,MU,1559667857,68,-20.41,57.7,71.6,18.34
126,Nikolskoye,0,RU,1559668496,39,59.7,30.79,78.8,11.18
127,Coquimbo,40,CL,1559668027,93,-29.95,-71.34,77.0,4.7
128,Camacha,20,PT,1559667948,78,33.08,-16.33,75.2,17.22
129,Lebu,99,ET,1559667899,52,8.96,38.73,64.82,4.27
130,Hornepayne,0,CA,1559668500,23,49.22,-84.78,65.9,5.66
131,Dalvik,0,SE,1559668502,59,57.79,14.13,66.99,6.93
132,Sao Filipe,12,CV,1559667986,84,14.9,-24.5,74.36,13.35
133,Labuhan,99,ID,1559668035,95,-2.54,115.51,73.82,1.28
134,Caravelas,0,BR,1559668007,53,-17.73,-39.27,87.68,1.79
135,Toora-Khem,100,RU,1559668506,87,52.47,96.11,43.22,2.98
136,Paamiut,87,GL,1559667793,82,61.99,-49.67,38.18,8.23
137,Tahe,14,CN,1559668508,84,52.34,124.71,54.74,4.18
138,Vanavara,24,RU,1559668509,80,60.35,102.28,48.08,2.35
139,Buin,75,CL,1559667955,24,-33.73,-70.74,68.0,2.24
140,Houma,99,CN,1559668512,67,35.63,111.36,72.2,13.38
141,Kimbe,59,PG,1559668513,88,-5.56,150.15,75.62,4.14
142,Nikolsk,95,RU,1559668514,72,59.53,45.45,56.0,3.06
143,Wonthaggi,100,AU,1559668515,72,-38.6,145.59,53.01,10.38
144,Raudeberg,75,NO,1559668035,76,61.99,5.14,57.2,5.82
145,Masyaf,0,SY,1559668518,44,35.06,36.34,78.8,3.36
146,Aksay,0,RU,1559668519,54,47.27,39.86,78.8,13.42
147,Ahipara,99,NZ,1559667980,86,-35.17,173.16,63.2,29.89
148,Bakel,85,SN,1559668521,12,14.9,-12.46,106.58,2.59
149,Port Keats,100,AU,1559668262,31,-14.25,129.55,70.04,19.86
150,Glazov,0,RU,1559668523,62,58.14,52.65,46.46,6.33
151,Manono,0,CD,1559668524,42,-7.3,27.4,74.0,4.79
152,Khatanga,88,RU,1559667939,85,71.98,102.47,43.22,8.34
153,Hambantota,54,LK,1559668527,78,6.12,81.12,83.9,14.94
154,Xai-Xai,0,MZ,1559668528,87,-25.04,33.64,65.0,4.99
155,Gamba,14,CN,1559668529,52,28.28,88.52,40.7,8.39
156,Tuatapere,88,NZ,1559668530,61,-46.13,167.69,48.08,28.72
157,Trincomalee,89,LK,1559668532,67,8.58,81.23,80.84,6.64
158,Senneterre,75,CA,1559668533,47,48.39,-77.24,55.4,8.05
159,Chokurdakh,0,RU,1559667804,79,70.62,147.9,31.88,4.41
160,Zinder,20,NE,1559668535,26,13.81,8.99,104.0,13.87
161,Praia,20,BR,1559668536,33,-20.25,-43.81,77.0,4.7
162,Sao Joao da Barra,20,BR,1559667995,57,-21.64,-41.05,75.2,27.51
163,Faanui,0,PF,1559668538,73,-16.48,-151.75,81.02,13.51
164,Butaritari,92,KI,1559668540,80,3.07,172.79,83.36,16.02
165,Nanortalik,37,GL,1559667954,73,60.14,-45.24,41.06,8.93
166,Jalingo,98,NG,1559668542,26,10.3,10.93,97.04,4.68
167,Khandbari,64,NP,1559668543,89,27.38,87.21,53.84,1.95
168,Tabriz,75,IR,1559668545,24,38.08,46.29,80.6,13.87
169,Broome,20,GB,1559668546,100,52.47,1.45,59.0,14.99
170,Yurty,19,RU,1559668547,67,56.05,97.64,46.82,3.6
171,Cidreira,7,BR,1559668548,62,-30.17,-50.22,67.16,0.56
172,Anori,93,BR,1559668549,53,-3.74,-61.66,90.56,4.0
173,San Jose,100,PH,1559667782,72,15.79,120.99,81.92,4.29
174,Cabo San Lucas,5,MX,1559668292,54,22.89,-109.91,82.4,13.62
175,Walvis Bay,0,NA,1559668011,59,-22.95,14.51,64.4,10.29
176,Puerto Ayora,75,EC,1559668554,69,-0.74,-90.35,80.6,17.22
177,Aykhal,75,RU,1559668555,81,65.95,111.51,50.0,4.47
178,Barrow,89,AR,1559668556,53,-38.31,-60.23,65.0,19.91
179,Esmeraldas,20,BR,1559668557,49,-19.76,-44.31,77.0,8.05
180,Akureyri,75,IS,1559668559,80,65.68,-18.09,41.0,12.75
181,Beatrice,1,US,1559668507,65,40.27,-96.75,82.0,11.41
182,Camapua,22,BR,1559668561,68,-19.53,-54.04,72.02,8.34
183,Gejiu,2,CN,1559668562,97,23.36,103.16,60.5,5.61
184,Mandera,51,ET,1559668563,53,3.94,41.86,83.0,8.68
185,Lima,90,PE,1559668565,72,-12.06,-77.04,66.2,4.7
186,Miandrivazo,100,MG,1559668566,92,-19.53,45.46,70.76,4.65
187,Praia da Vitoria,75,PT,1559668567,56,38.73,-27.07,68.0,11.36
188,Jacmel,20,HT,1559668568,59,18.24,-72.54,89.6,10.29
189,Maragogi,20,BR,1559668569,74,-9.01,-35.22,80.66,8.48
190,Severo-Kurilsk,99,RU,1559668570,96,50.68,156.12,42.14,10.02
191,Svetlogorsk,75,RU,1559668572,50,53.14,59.15,53.6,22.37
192,Airai,95,TL,1559668573,76,-8.93,125.41,72.74,10.38
193,Uwajima,100,JP,1559668574,96,33.22,132.57,65.0,3.49
194,Port Lincoln,99,AU,1559668575,60,-34.72,135.86,56.54,8.41
195,Ajdabiya,0,LY,1559668577,71,30.75,20.22,70.58,15.05
196,Conakry,99,GN,1559668536,78,9.52,-13.7,82.46,9.82
197,Virginia Beach,1,US,1559668321,35,36.85,-75.98,78.01,8.05
198,Hithadhoo,100,MV,1559668580,79,-0.6,73.08,84.8,9.53
199,Kirakira,66,SB,1559668581,84,-10.46,161.92,80.12,6.8
200,Kalemie,0,CD,1559668582,73,-5.95,29.2,63.2,3.0
201,Coahuayana,100,MX,1559667997,44,18.62,-100.35,95.06,1.77
202,Bahia Honda,81,CU,1559668585,73,22.9,-83.16,84.62,13.33
203,Belyy Yar,40,RU,1559668586,93,53.6,91.39,50.0,2.82
204,Sestri Levante,20,IT,1559668587,77,44.27,9.41,70.0,4.7
205,Aswan,0,EG,1559668588,12,24.09,32.9,109.4,10.29
206,Khingansk,58,RU,1559668589,77,49.12,131.18,50.78,1.12
207,Touros,40,BR,1559668590,58,-5.2,-35.46,87.8,13.87
208,Keuruu,0,FI,1559668592,52,62.26,24.71,71.6,14.99
209,Lodwar,77,KE,1559668593,40,3.12,35.6,88.04,8.43
210,Arnprior,75,CA,1559668594,44,45.44,-76.36,66.99,11.41
211,Port Moresby,75,PG,1559668595,94,-9.47,147.16,77.0,17.22
212,Maceio,40,BR,1559668596,54,-9.67,-35.74,82.4,6.93
213,Jijiang,7,CN,1559668598,94,29.8,120.61,75.2,4.47
214,Kargil,61,PK,1559668599,50,34.56,76.13,40.52,3.71
215,Acari,21,BR,1559668600,33,-6.44,-36.64,92.0,11.54
216,Torbay,75,CA,1559668601,77,47.66,-52.73,68.0,14.99
217,Hue,20,VN,1559668602,79,16.47,107.58,84.2,3.36
218,La Ronge,40,CA,1559668036,51,55.1,-105.3,60.8,14.99
219,Ereymentau,61,KZ,1559668605,35,51.62,73.1,68.42,15.84
220,College,40,US,1559668606,44,64.86,-147.8,60.01,4.7
221,Souillac,0,FR,1559668607,56,45.6,-0.6,73.0,16.11
222,Maniitsoq,0,GL,1559668036,47,65.42,-52.9,49.7,12.21
223,Naryan-Mar,55,RU,1559668609,59,67.67,53.09,42.14,0.74
224,Acapulco,90,MX,1559668559,88,16.86,-99.88,78.8,6.93
225,Malkangiri,100,IN,1559668612,53,18.35,81.9,88.94,3.71
226,Adrar,0,DZ,1559668613,8,27.87,-0.29,105.8,10.29
227,Mar del Plata,100,AR,1559668316,41,-46.43,-67.52,61.04,20.24
228,Itarema,96,BR,1559668615,67,-2.92,-39.92,86.24,5.68
229,Dunedin,93,NZ,1559667847,51,-45.87,170.5,45.0,10.0
230,Margate,20,AU,1559668160,80,-43.03,147.26,43.0,6.93
231,Victoria,75,BN,1559668502,94,5.28,115.24,77.0,3.36
232,Imeni Poliny Osipenko,2,RU,1559668620,93,52.42,136.49,44.66,3.38
233,Padang,100,ID,1559668621,73,-0.92,100.36,84.62,3.96
234,Hargeysa,98,SO,1559668622,57,9.56,44.06,76.16,11.92
235,Leningradskiy,94,RU,1559668624,93,69.38,178.42,38.54,4.03
236,Pevek,100,RU,1559668625,95,69.7,170.27,32.06,6.33
237,Coruripe,9,BR,1559668626,55,-10.12,-36.18,83.0,9.84
238,Pouembout,98,NC,1559668627,74,-21.12,164.9,75.26,6.87
239,Puerto Penasco,0,MX,1559668440,64,31.32,-113.53,75.99,5.99
240,Zalantun,67,CN,1559668630,65,48.0,122.72,55.28,3.62
241,Alenquer,20,BR,1559668631,84,-1.95,-54.74,86.0,12.75
242,Portland,20,US,1559668387,51,45.52,-122.67,64.0,3.36
243,Kalat,1,PK,1559668633,21,29.03,66.58,68.24,20.22
244,Alice Springs,56,AU,1559668634,74,-23.7,133.88,37.4,6.93
245,Longyearbyen,75,NO,1559668635,74,78.22,15.63,35.6,3.36
246,Oga,92,NG,1559668637,73,8.18,5.65,82.1,7.23
247,Anshun,2,CN,1559668638,93,26.25,105.93,64.64,10.71
248,Georgetown,75,GY,1559668639,70,6.8,-58.16,87.8,11.41
249,Novo Aripuana,77,BR,1559668641,73,-5.12,-60.38,87.14,2.37
250,Mercedes,6,UY,1559668642,64,-33.25,-58.03,65.18,11.97
251,Port Elizabeth,1,US,1559668643,30,39.31,-74.98,72.0,10.29
252,Meulaboh,100,ID,1559668644,81,4.14,96.13,82.28,5.97
253,Carnarvon,51,ZA,1559668646,22,-30.97,22.13,61.94,15.84
254,Zhanaozen,70,KZ,1559668647,46,43.35,52.85,80.84,9.57
255,Mumford,100,GH,1559668160,90,5.26,-0.76,77.24,6.51
256,Los Llanos de Aridane,20,ES,1559668649,69,28.66,-17.92,73.4,14.99
257,Coria,66,ES,1559668650,42,39.98,-6.54,70.58,11.81
258,Hohhot,0,CN,1559668651,20,40.81,111.65,64.4,4.47
259,Grand Gaube,75,MU,1559668652,64,-20.01,57.66,73.4,18.34
260,Tanete,100,ID,1559668654,86,-3.94,119.78,77.42,11.86
261,Port Maria,20,JM,1559668655,70,18.37,-76.89,87.8,14.99
262,Beya,42,RU,1559668656,89,53.05,90.92,50.24,7.67
263,Mangrol,2,IN,1559668657,11,25.33,76.51,105.5,8.86
264,Limoges,75,FR,1559668658,64,45.84,1.26,72.0,11.41
265,Ponnani,40,IN,1559668660,74,10.77,75.93,88.0,4.7
266,Rundu,0,NA,1559668661,16,-17.91,19.77,77.0,4.7
267,Las Vegas,1,US,1559668387,17,36.17,-115.15,88.0,3.36
268,Petropavlovsk-Kamchatskiy,90,RU,1559668663,100,53.05,158.65,44.6,2.24
269,Loralai,15,PK,1559668664,11,30.37,68.6,75.98,14.32
270,Sawakin,24,SD,1559668665,29,19.1,37.33,91.28,3.87
271,Ojiya,100,JP,1559668667,76,37.29,138.8,71.01,3.4
272,Longkou,100,CN,1559668668,65,37.64,120.47,71.66,19.39
273,Kokkola,0,FI,1559668670,45,63.84,23.13,64.4,14.99
274,Visby,0,SE,1559668671,60,57.64,18.3,71.6,3.36
275,Iracoubo,97,GF,1559668672,88,5.48,-53.21,81.2,7.94
276,Edmundston,90,CA,1559668557,58,47.36,-68.33,60.01,5.82
277,Makubetsu,27,JP,1559668674,90,42.84,143.34,56.0,1.19
278,Fairbanks,40,US,1559668618,44,64.84,-147.72,60.01,4.7
279,Lagoa,20,PT,1559668677,60,37.14,-8.45,77.0,24.16
280,Datong,100,CN,1559668678,17,40.09,113.3,66.26,13.49
281,Pendleton,75,US,1559668679,38,34.65,-82.78,82.99,6.93
282,Gubbio,20,IT,1559668680,53,43.35,12.58,80.6,6.93
283,Pecos,1,US,1559668682,54,31.42,-103.49,80.6,4.29
284,Korfovskiy,37,RU,1559668683,87,48.22,135.06,55.4,2.1
285,Rocha,0,UY,1559668586,55,-34.48,-54.34,61.04,5.97
286,Bay City,40,US,1559668685,44,43.59,-83.89,78.01,16.11
287,Chake Chake,0,TZ,1559668686,71,-5.25,39.77,81.38,17.9
288,Linden,75,GY,1559668673,66,6.01,-58.31,87.8,11.41
289,Ust-Ishim,100,RU,1559668689,65,57.69,71.17,60.14,12.95
290,Uyskoye,30,RU,1559668690,59,54.37,60.01,47.0,12.77
291,Kavaratti,96,IN,1559668692,73,10.57,72.64,86.24,10.02
292,Nome,1,US,1559668693,55,30.04,-94.42,91.99,8.05
293,Ulkan,98,RU,1559668694,59,57.24,107.32,47.18,1.54
294,Voh,98,NC,1559668695,74,-20.95,164.69,75.26,6.87
295,Cervo,1,BR,1559668696,68,-22.19,-46.24,64.1,10.56
296,Coihaique,90,CL,1559668697,98,-45.58,-72.07,48.2,5.82
297,Pisco,90,PE,1559668699,30,-13.71,-76.2,71.6,6.93
298,Ossora,98,RU,1559668700,97,59.24,163.07,41.96,3.83
299,Kununurra,95,AU,1559668701,24,-15.77,128.74,68.0,10.29
300,Timaru,51,NZ,1559668703,96,-44.39,171.25,33.01,7.61
301,Huarmey,99,PE,1559668704,90,-10.07,-78.15,63.2,14.27
302,Telimele,98,GN,1559668705,87,10.9,-13.03,78.14,6.51
303,Santa Rosa,86,AR,1559668708,56,-36.62,-64.29,66.26,17.31
304,Marsh Harbour,64,BS,1559668433,71,26.54,-77.06,81.02,2.01
305,Poum,75,MK,1559668711,68,41.28,20.71,64.4,6.93
306,Hokitika,95,NZ,1559668712,58,-42.72,170.96,45.92,5.97
307,Tual,100,ID,1559668713,83,-5.67,132.75,81.02,23.44
308,Matamoros,90,US,1559668522,70,25.87,-97.51,87.8,10.29
309,Abeche,95,TD,1559668715,43,13.83,20.83,89.84,26.51
310,Alakurtti,99,RU,1559668717,95,66.96,30.34,52.0,1.99
311,Yulara,0,AU,1559668718,56,-25.24,130.99,44.6,8.05
312,Altoona,20,US,1559668522,42,40.52,-78.39,72.0,11.41
313,Kestel,40,TR,1559668720,53,40.2,29.21,75.2,9.17
314,Nabire,100,ID,1559668721,100,-3.36,135.5,70.58,3.44
315,Manitouwadge,90,CA,1559668722,76,49.12,-85.84,48.2,3.36
316,Namatanai,81,PG,1559668724,88,-3.66,152.44,77.96,7.09
317,Luzhou,100,CN,1559668725,83,28.89,105.45,76.34,6.67
318,Bethel,1,US,1559668726,81,60.79,-161.76,51.8,9.17
319,Tottori,99,JP,1559668728,83,35.5,134.23,67.7,7.61
320,Balakhta,67,RU,1559668729,75,55.38,91.62,48.8,3.53
321,Ouesso,68,CG,1559668730,81,1.61,16.05,77.78,2.21
322,Gavrilovka Vtoraya,0,RU,1559668731,73,52.88,42.77,56.36,5.08
323,Smolenka,0,PL,1559668732,75,54.15,22.76,70.94,4.27
324,Nueve de Julio,94,AR,1559668558,33,-31.67,-68.39,70.76,7.49
325,Aromashevo,100,RU,1559668734,93,56.86,68.64,58.7,14.32
326,La Asuncion,75,EC,1559668736,63,-1.64,-78.74,62.6,6.93
327,Pochutla,90,MX,1559668737,58,15.74,-96.47,89.01,5.12
328,Mackenzie,20,CA,1559668738,53,55.34,-123.09,51.8,4.7
329,Anito,23,PH,1559668739,86,12.45,125.29,79.4,2.89
330,Teguldet,15,RU,1559668740,73,57.31,88.17,50.42,2.77
331,Tallahassee,1,US,1559668692,32,30.44,-84.28,100.0,5.82
332,San Patricio,0,PY,1559668743,60,-26.98,-56.83,70.04,4.27
333,Ngunguru,98,NZ,1559668744,95,-35.62,174.5,57.99,25.5
334,Massa Marittima,0,IT,1559668745,54,43.05,10.89,78.8,12.75
335,Port Blair,94,IN,1559668746,77,11.67,92.75,85.52,6.98
336,Kholmogory,90,RU,1559668747,100,64.23,41.65,50.0,8.95
337,Phan Thiet,100,VN,1559668749,90,10.93,108.1,76.7,3.22
338,Trat,100,TH,1559668750,72,12.25,102.51,90.0,1.3
339,Terrace,90,CA,1559668751,81,54.52,-128.61,50.0,14.99
340,Bambous Virieux,75,MU,1559668752,64,-20.34,57.76,73.4,18.34
341,Bulata,100,PH,1559668753,71,9.86,122.4,85.88,8.61
342,Vardo,1,US,1559668755,32,39.62,-77.74,73.99,5.61
343,Rio Grande,0,BR,1559668463,63,-32.03,-52.1,64.4,5.82
344,Mayumba,20,GA,1559668757,87,-3.44,10.65,74.9,8.5
345,Ucluelet,75,CA,1559668642,67,48.94,-125.55,60.01,13.87
346,Nemuro,95,JP,1559668164,93,43.32,145.57,50.06,10.11
347,Boguchany,45,RU,1559668760,69,58.38,97.46,49.52,0.4
348,Puerto del Rosario,0,ES,1559668753,73,28.5,-13.86,75.2,17.22
349,Gardez,18,AF,1559668763,35,33.6,69.22,63.02,8.81
350,Severo-Yeniseyskiy,97,RU,1559668764,59,60.37,93.04,48.62,1.74
351,Ampanihy,95,MG,1559668765,71,-24.69,44.75,70.76,7.25
352,Tortoli,5,IT,1559668766,78,39.93,9.66,75.99,5.82
353,Anuchino,100,RU,1559668767,98,43.97,133.06,55.1,1.92
354,Husavik,94,CA,1559668769,46,50.56,-96.99,73.99,4.0
355,Dingle,98,PH,1559668770,76,11.0,122.67,77.96,4.9
356,Jay,1,US,1559668771,69,36.42,-94.8,80.6,12.75
357,Conceicao do Araguaia,0,BR,1559668773,37,-8.26,-49.26,93.26,4.65
358,Luderitz,0,NA,1559668774,93,-26.65,15.16,53.6,16.11
359,Makakilo City,40,US,1559668691,65,21.35,-158.09,79.0,3.36
360,Nantucket,1,US,1559668613,42,41.28,-70.1,66.99,20.8
361,Tura,0,IN,1559668777,79,25.52,90.21,78.5,6.22
362,Bouna,94,CI,1559668778,67,9.27,-3.0,83.9,4.85
363,Cartagena,0,ES,1559668779,36,37.63,-1.0,89.6,11.41
364,Zhigansk,77,RU,1559668781,57,66.77,123.37,55.82,8.28
365,Barbastro,20,ES,1559668782,30,42.04,0.13,84.99,14.99
366,Kahului,75,US,1559668783,83,20.89,-156.47,75.2,11.41
367,Naze,75,NG,1559668784,100,5.43,7.07,77.0,6.93
368,Nuuk,20,GL,1559668785,50,64.17,-51.74,55.4,9.17
369,Kenora,40,CA,1559668786,77,49.76,-94.48,68.0,4.7
370,Pacific Grove,40,US,1559668788,72,36.62,-121.92,68.0,9.91
371,San Policarpo,48,PH,1559668789,76,12.18,125.51,83.0,3.09
372,Fortuna,0,ES,1559668790,50,38.18,-1.13,89.6,8.05
373,Saint-Leu,40,RE,1559668791,60,-21.15,55.28,73.0,23.04
374,Catabola,40,AO,1559668793,41,-12.14,17.29,57.44,3.69
375,Olinda,75,EC,1559668794,69,-2.03,-79.75,82.4,5.82
376,Avera,75,US,1559668795,58,33.19,-82.53,90.0,4.7
377,Uttaradit,79,TH,1559668796,58,17.63,100.1,90.0,2.55
378,Belaya Gora,0,RU,1559668797,46,68.54,146.19,39.98,11.18
379,Comodoro Rivadavia,0,AR,1559668799,45,-45.87,-67.48,64.4,10.29
380,Waipawa,100,NZ,1559668800,85,-39.94,176.59,48.99,2.77
381,Mabaruma,41,GY,1559668801,85,8.2,-59.78,82.46,5.55
382,Fare,0,PF,1559668802,71,-16.7,-151.02,80.48,11.23
383,Ust-Maya,0,RU,1559668803,74,60.42,134.54,49.88,0.13
384,Lata,33,IN,1559668804,55,30.78,78.62,36.38,9.86
385,Boa Vista,40,BR,1559668525,62,2.82,-60.67,87.8,6.93
386,Karratha,0,AU,1559668808,20,-20.74,116.85,65.54,14.88
387,Plouzane,75,FR,1559668809,72,48.38,-4.62,61.0,14.99
388,Codrington,2,AU,1559668810,62,-28.95,153.24,53.6,9.17
389,Cacapava do Sul,3,BR,1559668811,72,-30.51,-53.49,62.48,4.12
390,Castelbuono,0,IT,1559668812,78,37.93,14.09,75.0,3.0
391,Tocopilla,98,CL,1559668814,98,-22.09,-70.2,60.5,9.35
392,Pontianak,40,ID,1559668815,88,-0.02,109.34,77.0,8.52
393,Stranda,40,NO,1559668816,67,62.31,6.93,59.0,9.17
394,Monteiro,41,BR,1559668520,50,-7.89,-37.12,79.94,7.56
395,Morrope,20,PE,1559668818,29,-6.54,-80.02,66.2,12.75
396,Liepaja,0,LV,1559668819,47,56.52,21.02,80.6,4.7
397,Mogok,0,MM,1559668821,96,22.92,96.51,66.98,3.42
398,Moerai,74,PF,1559668822,79,-22.43,-151.33,75.62,5.26
399,Mukhen,60,RU,1559668823,86,48.19,136.14,51.68,1.19
400,Araouane,12,ML,1559668824,6,18.9,-3.53,102.26,8.34
401,Esperance,75,TT,1559668825,70,10.24,-61.45,87.8,17.22
402,Te Anau,59,NZ,1559668826,96,-45.41,167.72,31.16,2.62
403,Langsa,100,ID,1559668828,97,4.47,97.97,71.48,2.39
404,Paris,94,FR,1559668643,82,48.86,2.35,73.99,6.93
405,Vila Franca do Campo,40,PT,1559668830,52,37.72,-25.43,66.2,12.75
406,Zyryanka,76,RU,1559668831,45,65.73,150.89,42.68,12.08
407,Arusha,20,TZ,1559668833,78,-3.37,36.69,71.6,5.82
408,Vila Velha,20,BR,1559668834,62,-3.71,-38.6,86.0,17.22
409,Manica,20,MZ,1559668835,77,-18.94,32.88,60.8,6.93
410,Ponta Delgada,40,PT,1559668836,52,37.73,-25.67,66.2,12.75
411,Spokane,1,US,1559668607,35,47.66,-117.42,68.0,10.29
412,Cadillac,40,US,1559668838,41,44.25,-85.4,75.99,14.99
413,Moshi,20,TZ,1559668840,78,-3.36,37.34,71.6,5.82
414,Maumere,85,ID,1559668841,77,-8.63,122.22,78.86,7.47
415,Talavera de la Reina,14,ES,1559668691,37,39.96,-4.83,75.08,14.97
416,Hurricane,1,US,1559668843,27,37.18,-113.29,82.0,3.36
417,Payo,81,ID,1559668844,92,-3.75,103.64,69.86,2.59
418,Hofn,100,IS,1559668846,85,64.25,-15.21,31.88,23.38
419,Playas,28,EC,1559668847,60,-2.64,-80.39,83.18,12.66
420,Muros,40,ES,1559668848,76,42.77,-9.06,64.0,5.82
421,Manuk Mangkaw,100,PH,1559668849,72,4.8,119.85,84.98,10.51
422,Oussouye,75,SN,1559668850,78,12.49,-16.54,86.0,6.93
423,Klaksvik,100,FO,1559668851,100,62.23,-6.59,44.6,23.04
424,Clonakilty,75,IE,1559668853,71,51.62,-8.87,55.99,19.46
425,Alugan,23,PH,1559668854,86,12.22,125.48,79.4,2.89
426,Quelimane,75,MZ,1559668855,78,-17.88,36.89,75.2,4.7
427,Kenai,20,US,1559668856,76,60.55,-151.26,61.0,8.05
428,Moron,100,VE,1559668857,36,10.49,-68.2,97.94,7.05
429,Conner,96,PH,1559668859,97,17.8,121.32,69.5,2.53
430,Yuncheng,100,CN,1559668860,62,35.03,111.0,75.26,19.04
431,Arlit,25,NE,1559668861,20,18.74,7.39,101.36,13.47
432,Epe,0,DE,1559668862,61,52.18,7.04,82.0,9.17
433,Sundsvall,0,SE,1559668838,30,62.39,17.31,72.0,8.05
434,Road Town,40,VG,1559668864,70,18.42,-64.62,87.8,9.17
435,Huilong,100,CN,1559668866,74,28.89,110.18,71.66,1.72
436,Clyde River,5,CA,1559668867,70,70.47,-68.59,42.8,11.41
437,Mareeba,40,AU,1559668868,52,-16.99,145.42,66.2,16.11
438,Lumeje,49,AO,1559668869,41,-11.56,20.78,62.66,5.41
439,Barra do Garcas,0,BR,1559668870,58,-15.89,-52.26,82.4,11.41
440,Toledo,75,PH,1559668872,83,10.38,123.64,78.8,5.82
441,Ciomas,70,ID,1559668873,94,-6.85,108.3,67.16,2.84
442,Phangnga,20,TH,1559668874,74,8.45,98.53,84.2,4.7
443,Roald,40,NO,1559668875,67,62.58,6.12,59.0,9.17
444,Bathsheba,75,BB,1559668876,62,13.22,-59.52,87.8,19.46
445,Mamallapuram,40,IN,1559668878,66,12.63,80.17,91.4,4.7
446,Sassandra,50,CI,1559668879,76,4.95,-6.09,79.22,6.04
447,Serebryansk,2,KZ,1559668880,75,49.68,83.3,50.6,3.83
448,Mulchen,90,CL,1559668881,100,-37.72,-72.23,53.6,12.57
449,Anadyr,0,RU,1559668882,81,64.73,177.51,48.0,6.71
450,San Martin,20,US,1559668884,77,37.08,-121.61,75.99,4.7
451,Wanning,20,AT,1559668885,37,48.64,13.53,82.4,6.93
452,Dukat,72,RS,1559668886,80,42.44,22.31,64.0,1.01
453,Mount Isa,100,AU,1559668887,43,-20.73,139.49,50.0,10.29
454,Khani,40,GE,1559668889,74,41.96,42.96,78.8,4.7
455,Sorada,98,IN,1559668890,81,19.76,84.43,77.42,5.3
456,Sao Desiderio,0,BR,1559668643,26,-12.36,-44.97,89.66,5.03
457,Tezu,1,IN,1559668892,61,27.93,96.16,75.26,3.78
458,Gidam,81,IN,1559668893,43,18.98,81.4,92.0,8.43
459,Nago,40,IT,1559668846,48,45.88,10.89,86.0,4.7
460,Pangnirtung,40,CA,1559668895,70,66.15,-65.72,42.8,13.87
461,Areosa,40,PT,1559668897,72,41.72,-8.86,66.99,12.75
462,Gawler,75,AU,1559668898,81,-34.6,138.75,48.99,4.7
463,Vaitape,0,PF,1559668899,73,-16.52,-151.75,81.02,13.51
464,Hualmay,96,PE,1559668900,90,-11.1,-77.61,62.12,10.96
465,Soyo,20,AO,1559668901,78,-6.13,12.37,78.8,6.93
466,Stokmarknes,75,NO,1559668903,93,68.56,14.91,48.2,6.93
467,Colares,20,PT,1559668904,59,38.8,-9.45,68.0,18.34
468,Yatou,75,CM,1559668905,79,3.63,9.81,84.2,5.82
469,Khasan,40,RU,1559668906,97,42.43,130.64,50.24,1.59
470,Lidkoping,19,SE,1559668908,52,58.51,13.16,66.2,6.93
471,Mount Gambier,90,AU,1559668909,93,-37.83,140.78,46.4,4.7
472,Akdepe,0,TM,1559668910,25,42.05,59.39,93.2,7.94
473,Grindavik,75,IS,1559668911,61,63.84,-22.43,50.0,24.16
474,Yantikovo,0,RU,1559668913,33,55.52,47.78,62.6,11.18
475,Iquitos,90,PE,1559668650,94,-3.75,-73.25,77.0,6.93
476,Sitka,89,US,1559668915,39,37.17,-99.65,86.42,3.76
477,Bandarbeyla,100,SO,1559668916,57,9.49,50.81,85.7,10.71
478,Taoudenni,0,ML,1559668918,6,22.68,-3.98,103.52,16.49
479,Baykit,75,RU,1559668919,79,61.68,96.39,48.62,3.51
480,Diffa,60,NE,1559668920,12,13.32,12.61,105.32,7.0
481,Kiama,40,AU,1559668921,76,-34.67,150.86,52.0,13.87
482,Utete,0,TZ,1559668922,67,-7.99,38.76,73.46,3.87
483,Omsukchan,100,RU,1559668923,92,62.53,155.8,42.14,2.21
484,Lavrentiya,55,RU,1559668924,64,65.58,-170.99,48.98,2.39
485,Meadow Lake,20,CA,1559668926,39,54.13,-108.44,64.4,17.22
486,Mahibadhoo,100,MV,1559668676,75,3.78,72.97,84.08,18.79
487,Peterhead,75,AU,1559668928,81,-34.83,138.5,48.99,4.7
488,Basco,1,US,1559668929,65,40.33,-91.2,80.01,11.41
489,Fuyang,11,CN,1559668930,94,30.05,119.96,77.0,4.47
490,Beberibe,20,BR,1559668932,62,-4.18,-38.13,86.0,17.22
491,Caucaia,20,BR,1559668933,62,-3.73,-38.66,86.0,17.22
492,Tiznit,0,MA,1559668934,89,29.7,-9.73,67.7,15.77
493,Kattivakkam,40,IN,1559668935,66,13.22,80.32,91.4,4.7
494,Cap-aux-Meules,75,CA,1559668936,67,47.38,-61.86,57.2,6.93
495,Kamien Pomorski,0,PL,1559668938,57,53.97,14.77,79.0,9.17
496,Paracuru,20,BR,1559668939,62,-3.41,-39.03,86.0,17.22
497,Mae Sai,20,MM,1559668940,78,20.44,99.89,82.4,3.36
498,Prince Rupert,90,CA,1559668864,93,54.32,-130.32,50.0,8.05
499,Goroka,81,PG,1559668942,95,-6.07,145.39,55.1,1.39
500,Ambulu,100,ID,1559668943,85,-8.35,113.61,78.86,8.75
501,Shubarkuduk,16,KZ,1559668945,51,49.15,56.49,59.96,12.86
502,Manggar,84,ID,1559668946,86,-2.88,108.27,77.78,2.95
503,Vostok,79,RU,1559668947,92,46.45,135.83,47.54,3.0
504,Morondava,1,MG,1559668948,68,-20.3,44.28,80.66,13.42
505,Hazaribag,43,IN,1559668949,59,23.98,85.35,86.96,10.65
506,Halapitan,94,PH,1559668950,68,7.95,125.32,75.0,0.45
507,Skjervoy,75,NO,1559668925,62,70.03,20.97,53.6,6.93
508,Ormara,5,PK,1559668953,29,25.21,64.64,95.96,11.1
509,Yangambi,100,CD,1559668954,76,0.77,24.47,74.9,3.49
510,Saint-Pierre,0,FR,1559668955,54,48.95,4.24,87.8,11.41
511,Hilton Head Island,75,US,1559668956,66,32.16,-80.75,89.6,11.41
512,Liptovsky Mikulas,40,SK,1559668958,60,49.08,19.62,75.99,5.82
513,Igrim,100,RU,1559668959,91,63.19,64.42,40.52,16.89
514,Batagay-Alyta,96,RU,1559668960,79,67.8,130.41,34.94,7.16
515,Miles City,1,US,1559668961,49,46.41,-105.84,73.0,10.29
516,Talmenka,20,RU,1559668962,62,53.82,83.56,59.0,2.24
517,Hamilton,90,CA,1559668862,55,43.26,-79.87,64.0,12.75
518,Pitimbu,20,BR,1559668965,62,-7.47,-34.81,86.0,16.11
519,Antofagasta,75,CL,1559668749,59,-23.65,-70.4,62.6,4.7
520,Saint-Felicien,75,CA,1559668967,43,48.65,-72.45,51.8,10.29
521,Kollam,40,IN,1559668969,88,8.88,76.6,82.4,3.36
522,Parana,90,BR,1559668970,83,-7.52,-72.89,78.8,5.82
523,Grandola,75,PT,1559668971,56,38.18,-8.57,71.6,17.22
524,Bambanglipuro,85,ID,1559668973,85,-7.95,110.28,79.58,10.49
525,Cayenne,75,GF,1559668843,70,4.94,-52.33,86.0,11.41
526,Ales,0,FR,1559668976,44,44.13,4.08,79.0,12.75
527,Sulangan,100,PH,1559668977,72,11.14,123.72,84.8,6.69
528,Montrose,75,AU,1559668978,93,-37.81,145.34,53.01,12.75
529,Panzhihua,0,CN,1559668980,59,26.59,101.72,69.32,3.71
530,Tautira,20,PF,1559668981,69,-17.73,-149.15,75.2,6.93
531,Puerto Escondido,100,MX,1559668982,47,15.86,-97.07,92.72,5.23
532,Tukums,0,LV,1559668984,44,56.97,23.17,78.8,10.29
533,Narsaq,20,GL,1559668985,25,60.91,-46.05,60.8,10.29
534,Partizanskoye,3,UA,1559668986,76,44.83,34.08,70.04,3.74
535,Sechura,100,PE,1559668987,76,-5.56,-80.82,70.94,14.2
536,Xapuri,75,BR,1559668989,69,-10.65,-68.5,78.8,5.82
537,Sisimiut,0,GL,1559668739,61,66.94,-53.67,42.5,13.91
538,Sasovo,0,RU,1559668991,62,54.35,41.93,56.18,1.34
539,Bonthe,80,SL,1559668992,75,7.53,-12.5,81.92,8.61
540,Ocampo,42,PH,1559668993,78,13.56,123.37,80.3,4.52
541,Trinidad,0,UY,1559668997,59,-33.52,-56.9,62.6,10.29
542,Namibe,90,AO,1559668999,88,-15.19,12.15,68.0,11.41
543,Tyumentsevo,36,RU,1559669000,85,53.32,81.5,54.38,0.47
544,Samarai,100,PG,1559669001,96,-10.62,150.67,73.64,6.13
545,Christchurch,90,NZ,1559669003,100,-43.53,172.64,33.01,2.24
546,Timbuktu,48,ML,1559669004,5,16.77,-3.01,102.62,4.83
547,Katobu,100,ID,1559669005,95,-4.94,122.53,75.08,3.09
548,Beringovskiy,22,RU,1559669006,76,63.05,179.32,46.46,9.95
549,Paraiso,5,MX,1559669007,49,24.01,-104.61,75.99,5.86
